pipeline,nps,duration,max_mem
CaImAn,1,130.95257668892543,33473.71484375
CaImAn,2,85.73733757734298,35882.33203125
CaImAn,3,64.83103307485581,39940.6640625
CaImAn,4,57.09132225116094,44475.0
CaImAn,5,49.73248103459676,60701.45703125
Minian,1,121.23301738103231,2750.4609375
Minian,2,83.64615960915883,5422.0234375
Minian,3,65.74995906352997,7265.609375
Minian,4,40.71175573269526,9118.89453125
Minian,5,30.82051291465759,10263.93359375
